Age_band_of_driver,Sex_of_driver,Educational_level,Driving_experience,Type_of_vehicle,Service_year_of_vehicle,Defect_of_vehicle,Area_accident_occured,Lanes_or_Medians,Road_allignment,Types_of_Junction,Road_surface_type,Road_surface_conditions,Light_conditions,Weather_conditions,Type_of_collision,Number_of_vehicles_involved,Number_of_casualties,Vehicle_movement,Casualty_class,Sex_of_casualty,Age_band_of_casualty,Casualty_severity,Work_of_casuality,Fitness_of_casuality,Pedestrian_movement,Cause_of_accident,Accident_severity
18-30,Male,Junior high school,5-10yr,Lorry (11?40Q),Above 10yr,,Residential areas,Undivided Two way,Tangent road with flat terrain,Y Shape,Asphalt roads,Dry,Darkness - lights lit,Normal,Vehicle with vehicle collision,3,2,Getting off,Driver or rider,Male,Under 18,3,Driver,Normal,Not a Pedestrian,No distancing,Slight Injury
Unknown,Male,Junior high school,No Licence,Automobile,5-10yrs,No defect,Other,Undivided Two way,Tangent road with flat terrain,Y Shape,Asphalt roads,Dry,Darkness - lights lit,Normal,Vehicle with vehicle collision,3,2,Waiting to go,na,na,na,na,Employee,Normal,Not a Pedestrian,Driving to the left,Slight Injury
31-50,Male,Junior high school,Below 1yr,Pick up upto 10Q,5-10yrs,No defect,Other,other,Tangent road with flat terrain,No junction,Asphalt roads,Dry,Daylight,Normal,Vehicle with vehicle collision,4,5,Getting off,Driver or rider,Male,Under 18,3,Driver,Normal,Not a Pedestrian,No priority to vehicle,Slight Injury
31-50,Male,Junior high school,Below 1yr,Lorry (11?40Q),,No defect,Residential areas,Two-way (divided with broken lines road marking),Tangent road with flat terrain,Y Shape,Asphalt roads,Dry,Daylight,Normal,Vehicle with vehicle collision,3,2,Moving Backward,Passenger,Female,31-50,3,Self-employed,Normal,Not a Pedestrian,No priority to vehicle,Slight Injury
31-50,Male,Junior high school,5-10yr,Lorry (11?40Q),Unknown,, Church areas,Two-way (divided with broken lines road marking),Tangent road with flat terrain,No junction,Asphalt roads,Dry,Daylight,Normal,Vehicle with vehicle collision,3,3,Overtaking,na,na,na,na,Self-employed,Normal,Not a Pedestrian,No distancing,Slight Injury
31-50,Male,Junior high school,5-10yr,Automobile,Unknown,No defect, Industrial areas,Undivided Two way,Tangent road with flat terrain,Y Shape,Asphalt roads,Dry,Daylight,Normal,Vehicle with vehicle collision,4,5,Reversing,Passenger,Female,31-50,3,Driver,Normal,Not a Pedestrian,No distancing,Slight Injury
Unknown,Male,Junior high school,Below 1yr,Pick up upto 10Q,1-2yr,5,Office areas,Undivided Two way,Tangent road with flat terrain,Y Shape,Asphalt roads,Dry,Daylight,Normal,Vehicle with vehicle collision,3,2,Other,Driver or rider,Male,31-50,3,Self-employed,Normal,Not a Pedestrian,No priority to vehicle,Slight Injury
18-30,Male,Junior high school,Above 10yr,Lorry (41?100Q),1-2yr,No defect,Office areas,Double carriageway (median),Tangent road with flat terrain,No junction,Asphalt roads,Dry,Daylight,Normal,Vehicle with vehicle collision,3,2,Stopping,Driver or rider,Female,31-50,3,Self-employed,Normal,Not a Pedestrian,Changing lane to the left,Slight Injury
18-30,Male,Junior high school,5-10yr,,5-10yrs,,Other,Undivided Two way,Tangent road with flat terrain,Crossing,Asphalt roads,Dry,Daylight,Normal,Vehicle with vehicle collision,4,7,,Driver or rider,Male,18-30,3,Self-employed,Normal,Not a Pedestrian,Changing lane to the right,Slight Injury
31-50,Male,Junior high school,Above 10yr,,5-10yrs,, Industrial areas,Undivided Two way,Tangent road with flat terrain,Crossing,Asphalt roads,Dry,Daylight,Normal,Vehicle with vehicle collision,4,7,Reversing,Driver or rider,Male,18-30,3,Self-employed,Normal,Not a Pedestrian,Driving to the left,Slight Injury
31-50,Male,Junior high school,1-2yr,Lorry (41?100Q),,No defect, Church areas,Double carriageway (median),Tangent road with flat terrain,Crossing,Asphalt roads,Dry,Daylight,Normal,Vehicle with vehicle collision,4,7,Other,na,na,na,na,Self-employed,Normal,Not a Pedestrian,No distancing,Slight Injury
31-50,Male,Junior high school,Below 1yr,Lorry (11?40Q),5-10yrs,,Office areas,,Tangent road with flat terrain,Y Shape,Asphalt roads,Dry,Daylight,Normal,Vehicle with vehicle collision,3,2,U-Turn,Driver or rider,Male,18-30,3,Driver,Normal,Not a Pedestrian,No distancing,Slight Injury
31-50,Male,Junior high school,5-10yr,Automobile,Above 10yr,No defect,Other,One way,Tangent road with flat terrain,Unknown,Asphalt roads,Wet or damp,Daylight,Normal,Vehicle with vehicle collision,3,2,Getting off,Passenger,Female,18-30,3,Driver,Normal,Not a Pedestrian,Changing lane to the left,Slight Injury
18-30,Male,Junior high school,5-10yr,Automobile,Above 10yr,No defect, Hospital areas,Two-way (divided with broken lines road marking),Tangent road with flat terrain,Crossing,Asphalt roads,Dry,Daylight,Normal,Vehicle with vehicle collision,3,5,Moving Backward,na,na,na,na,Driver,Normal,Not a Pedestrian,Moving Backward,Serious Injury
31-50,Male,Junior high school,5-10yr,Lorry (11?40Q),Unknown,No defect,Office areas,Two-way (divided with broken lines road marking),Tangent road with flat terrain,No junction,Asphalt roads,Dry,Daylight,Normal,Vehicle with vehicle collision,3,5,Turnover,Driver or rider,Male,31-50,3,Self-employed,Normal,Not a Pedestrian,No distancing,Slight Injury
31-50,Male,Junior high school,5-10yr,Public (> 45 seats),Unknown,No defect,Other,other,Tangent road with flat terrain,Y Shape,Asphalt roads,Dry,Daylight,Normal,Vehicle with vehicle collision,1,2,Moving Backward,Driver or rider,Male,31-50,3,Self-employed,Normal,Not a Pedestrian,Changing lane to the left,Serious Injury
18-30,Male,Junior high school,,Other,5-10yrs,,Other,Undivided Two way,Tangent road with flat terrain,No junction,Asphalt roads,Dry,Darkness - lights lit,Normal,Vehicle with vehicle collision,1,4,Other,Driver or rider,Male,31-50,3,Driver,Normal,Not a Pedestrian,Changing lane to the right,Fatal injury
31-50,Male,Junior high school,5-10yr,Turbo,,No defect,  Recreational areas,Two-way (divided with broken lines road marking),Tangent road with flat terrain,Y Shape,Asphalt roads,Dry,Daylight,Normal,Vehicle with vehicle collision,6,2,Moving Backward,Driver or rider,Male,31-50,3,Other,Normal,Not a Pedestrian,No distancing,Serious Injury
Over 51,Male,Junior high school,1-2yr,Public (13?45 seats),2-5yrs,,Office areas,Two-way (divided with broken lines road marking),Tangent road with flat terrain,No junction,Asphalt roads,Dry,Daylight,Normal,Vehicle with vehicle collision,3,2,Other,na,na,na,na,Employee,Normal,Not a Pedestrian,No priority to vehicle,Slight Injury
18-30,Male,Junior high school,Above 10yr,Public (> 45 seats),2-5yrs,No defect, Outside rural areas,Undivided Two way,Tangent road with flat terrain,Crossing,Asphalt roads,Dry,Daylight,Normal,Vehicle with vehicle collision,3,2,Getting off,na,na,na,na,,Normal,Not a Pedestrian,No priority to vehicle,Slight Injury
18-30,Male,Junior high school,2-5yr,Lorry (11?40Q),Above 10yr,,School areas,other,Tangent road with flat terrain,No junction,Asphalt roads,Dry,Darkness - lights lit,Normal,Vehicle with vehicle collision,6,2,Other,na,na,na,na,Driver,Normal,Not a Pedestrian,Changing lane to the left,Slight Injury
18-30,Male,Junior high school,1-2yr,Lorry (11?40Q),5-10yrs,,Office areas,,Tangent road with flat terrain,No junction,Asphalt roads,Dry,Daylight,Normal,Vehicle with vehicle collision,3,2,,na,na,na,na,Self-employed,Normal,Not a Pedestrian,Changing lane to the left,Slight Injury
Over 51,Male,Junior high school,1-2yr,,Unknown,No defect,Other,other,Tangent road with flat terrain,Crossing,Asphalt roads,Snow,Daylight,Normal,Vehicle with vehicle collision,4,2,Moving Backward,Driver or rider,Female,18-30,2,Employee,Normal,Not a Pedestrian,Changing lane to the right,Slight Injury
31-50,Male,Junior high school,2-5yr,Lorry (11?40Q),1-2yr,No defect,Residential areas,Two-way (divided with broken lines road marking),Tangent road with flat terrain,No junction,Asphalt roads,Dry,Daylight,Normal,Vehicle with vehicle collision,3,4,Overtaking,Driver or rider,Male,18-30,3,Driver,Normal,Not a Pedestrian,Driving under the influence of drugs,Slight Injury
18-30,Male,Junior high school,Above 10yr,Stationwagen,Unknown,No defect, Church areas,Two-way (divided with solid lines road marking),Tangent road with flat terrain,No junction,Asphalt roads,Dry,Darkness - lights lit,Normal,Vehicle with vehicle collision,1,2,Turnover,na,na,na,na,Driver,Normal,Not a Pedestrian,Changing lane to the left,Serious Injury
31-50,Male,Junior high school,5-10yr,Stationwagen,Unknown,,Residential areas,Two-way (divided with broken lines road marking),Tangent road with flat terrain,Y Shape,Asphalt roads,Dry,Daylight,Normal,Vehicle with vehicle collision,3,2,Turnover,na,na,na,na,Self-employed,Normal,Not a Pedestrian,Other,Slight Injury
18-30,Male,Junior high school,2-5yr,Public (13?45 seats),,No defect,  Recreational areas,Undivided Two way,Tangent road with flat terrain,No junction,Asphalt roads,Wet or damp,Daylight,Normal,Vehicle with vehicle collision,1,2,Moving Backward,Driver or rider,Male,31-50,3,Driver,Normal,Not a Pedestrian,Changing lane to the left,Slight Injury
31-50,Male,Junior high school,Above 10yr,Lorry (41?100Q),,,Office areas,Double carriageway (median),Tangent road with flat terrain,,Asphalt roads,Dry,Darkness - lights lit,Normal,Vehicle with vehicle collision,3,3,,Driver or rider,Male,Under 18,3,Driver,Normal,Not a Pedestrian,No distancing,Slight Injury
18-30,Male,Junior high school,2-5yr,Long lorry,,,Office areas,Two-way (divided with broken lines road marking),Tangent road with flat terrain,,Asphalt roads,Dry,Daylight,Normal,Vehicle with vehicle collision,1,2,Entering a junction,na,na,na,na,Driver,Normal,Not a Pedestrian,Moving Backward,Serious Injury
Over 51,Male,Junior high school,5-10yr,Lorry (11?40Q),2-5yrs,,Other,One way,Tangent road with flat terrain,,Asphalt roads,Dry,Darkness - lights lit,Normal,Vehicle with vehicle collision,1,2,Turnover,na,na,na,na,,Normal,Not a Pedestrian,Changing lane to the right,Slight Injury
31-50,Male,Junior high school,Above 10yr,Pick up upto 10Q,2-5yrs,No defect,Other,other,Tangent road with flat terrain,,Asphalt roads,Wet or damp,Darkness - lights lit,Normal,Vehicle with vehicle collision,1,2,Other,na,na,na,na,Driver,Normal,Not a Pedestrian,No priority to pedestrian,Slight Injury
18-30,Male,Junior high school,2-5yr,Stationwagen,Unknown,No defect,Office areas,,Tangent road with flat terrain,,Asphalt roads,Dry,Daylight,Normal,Vehicle with vehicle collision,3,2,Moving Backward,Passenger,Female,Over 51,3,Driver,Normal,Not a Pedestrian,Changing lane to the right,Slight Injury
18-30,Male,Junior high school,1-2yr,Lorry (11?40Q),5-10yrs,,Residential areas,Two-way (divided with broken lines road marking),Tangent road with flat terrain,,Asphalt roads,Dry,Daylight,Normal,Vehicle with vehicle collision,3,2,Moving Backward,na,na,na,na,Driver,Normal,Not a Pedestrian,No priority to vehicle,Slight Injury
31-50,Male,Junior high school,1-2yr,Automobile,1-2yr,No defect,Office areas,Two-way (divided with broken lines road marking),Tangent road with flat terrain,,Asphalt roads,Dry,Daylight,Normal,Vehicle with vehicle collision,3,2,Moving Backward,Driver or rider,Female,18-30,3,Other,Normal,Not a Pedestrian,No distancing,Slight Injury
31-50,Male,Junior high school,5-10yr,Lorry (41?100Q),5-10yrs,No defect,Other,Undivided Two way,Tangent road with flat terrain,,Asphalt roads,Dry,Darkness - lights lit,Normal,Vehicle with vehicle collision,1,3,Other,Driver or rider,Male,18-30,3,Self-employed,Normal,Not a Pedestrian,No distancing,Slight Injury
18-30,Male,Junior high school,5-10yr,Public (13?45 seats),,No defect,Office areas,Undivided Two way,Tangent road with flat terrain,,Asphalt roads,Wet or damp,Darkness - lights lit,Normal,Vehicle with vehicle collision,1,2,Moving Backward,Driver or rider,Male,Over 51,3,Driver,Normal,Not a Pedestrian,Driving carelessly,Serious Injury
Over 51,Male,Junior high school,2-5yr,Lorry (11?40Q),Unknown,,Office areas,Two-way (divided with broken lines road marking),Tangent road with flat terrain,No junction,Asphalt roads,Wet or damp,Daylight,Normal,Vehicle with vehicle collision,4,6,Entering a junction,na,na,na,na,Employee,Normal,Not a Pedestrian,Overtaking,Serious Injury
Under 18,Male,Junior high school,5-10yr,Pick up upto 10Q,Unknown,No defect, Church areas,Two-way (divided with solid lines road marking),Tangent road with flat terrain,Crossing,Asphalt roads,Dry,Darkness - lights lit,Normal,Vehicle with vehicle collision,3,5,Entering a junction,Driver or rider,Male,31-50,3,Self-employed,Normal,Not a Pedestrian,No distancing,Serious Injury
18-30,Male,Junior high school,5-10yr,Public (13?45 seats),,No defect,Office areas,Two-way (divided with broken lines road marking),Tangent road with flat terrain,Y Shape,Asphalt roads,Dry,Daylight,Normal,Vehicle with vehicle collision,1,2,Reversing,Driver or rider,Male,18-30,3,Driver,Normal,Not a Pedestrian,Moving Backward,Serious Injury
31-50,Male,Junior high school,Above 10yr,Public (12 seats),Unknown,No defect,Office areas,,Tangent road with flat terrain,Y Shape,Asphalt roads,Dry,Daylight,Normal,Vehicle with vehicle collision,1,2,Moving Backward,na,na,na,na,Driver,Normal,Not a Pedestrian,No distancing,Slight Injury
Over 51,Male,Junior high school,1-2yr,Motorcycle,,,Residential areas,One way,Tangent road with flat terrain,Y Shape,Asphalt roads,Dry,Daylight,Normal,Vehicle with vehicle collision,3,2,Reversing,Driver or rider,Male,31-50,3,Driver,Normal,Not a Pedestrian,Driving carelessly,Slight Injury
Unknown,Male,Junior high school,2-5yr,Other,,7, Outside rural areas,other,Tangent road with flat terrain,Crossing,Asphalt roads,Dry,Daylight,Normal,Vehicle with vehicle collision,3,2,Moving Backward,Passenger,Female,31-50,3,Driver,Normal,Not a Pedestrian,Changing lane to the left,Slight Injury
18-30,Male,Junior high school,Above 10yr,Lorry (11?40Q),,No defect, Church areas,Undivided Two way,Tangent road with flat terrain,No junction,Asphalt roads,Dry,Daylight,Normal,Vehicle with vehicle collision,3,2,Moving Backward,Pedestrian,Female,18-30,3,Student,Normal,Not a Pedestrian,No distancing,Slight Injury
18-30,Male,Junior high school,5-10yr,Automobile,Above 10yr,No defect,Residential areas,Two-way (divided with broken lines road marking),Tangent road with flat terrain,Crossing,Asphalt roads,Dry,Daylight,Normal,Vehicle with vehicle collision,1,2,Other,Driver or rider,Male,18-30,3,Self-employed,Normal,Not a Pedestrian,Changing lane to the right,Serious Injury
18-30,Male,Junior high school,2-5yr,Lorry (11?40Q),,,Other,Two-way (divided with broken lines road marking),Tangent road with flat terrain,No junction,Asphalt roads,Wet or damp,Daylight,Normal,Vehicle with vehicle collision,3,4,Overtaking,Pedestrian,Male,Over 51,3,Driver,Normal,Not a Pedestrian,Overturning,Slight Injury
Under 18,Male,Junior high school,1-2yr,Bicycle,Above 10yr,,Other,other,Tangent road with flat terrain,Crossing,Asphalt roads,Dry,Daylight,Normal,Vehicle with vehicle collision,3,3,Turnover,Driver or rider,Male,31-50,3,Driver,Normal,Not a Pedestrian,Driving carelessly,Slight Injury
Over 51,Male,,,Lorry (11?40Q),,,Office areas,Undivided Two way,Tangent road with flat terrain,Unknown,Asphalt roads,Dry,Daylight,Normal,Vehicle with vehicle collision,1,2,Turnover,Pedestrian,Female,Under 18,3,Driver,Normal,Not a Pedestrian,No distancing,Slight Injury
Over 51,Unknown,Elementary school,5-10yr,Pick up upto 10Q,,No defect,Other,Undivided Two way,Tangent road with flat terrain,Crossing,Asphalt roads,Snow,Daylight,Normal,Vehicle with vehicle collision,4,2,Reversing,Passenger,Female,Under 18,3,Driver,Normal,Not a Pedestrian,No distancing,Slight Injury
18-30,Male,High school,Above 10yr,Public (13?45 seats),,No defect,  Recreational areas,Undivided Two way,Tangent road with flat terrain,Crossing,Asphalt roads,Snow,Daylight,Normal,Vehicle with vehicle collision,4,2,Getting off,Passenger,Female,18-30,3,Driver,Normal,Not a Pedestrian,Changing lane to the left,Slight Injury
18-30,Male,Elementary school,1-2yr,Public (12 seats),Above 10yr,No defect,Other,other,Tangent road with flat terrain,Crossing,Asphalt roads,Dry,Daylight,Normal,Vehicle with vehicle collision,3,2,Moving Backward,Driver or rider,Male,Over 51,3,Employee,Normal,Not a Pedestrian,Driving carelessly,Slight Injury
31-50,Male,Elementary school,5-10yr,Public (13?45 seats),Unknown,No defect, Church areas,Undivided Two way,Tangent road with flat terrain,Crossing,Asphalt roads,Wet or damp,Daylight,Normal,Vehicle with vehicle collision,4,6,Moving Backward,na,na,na,na,Driver,Normal,Not a Pedestrian,No distancing,Serious Injury
18-30,Female,Elementary school,5-10yr,Automobile,Unknown,,Other,Two-way (divided with broken lines road marking),Tangent road with flat terrain,Crossing,Asphalt roads,Dry,Darkness - lights lit,Normal,Vehicle with vehicle collision,3,5,Moving Backward,Driver or rider,Female,31-50,3,Driver,Normal,Not a Pedestrian,Driving carelessly,Serious Injury
Over 51,Male,Elementary school,2-5yr,Automobile,,,Other,Two-way (divided with broken lines road marking),Tangent road with flat terrain,Y Shape,Asphalt roads,Dry,Daylight,Normal,Vehicle with vehicle collision,1,2,Turnover,na,na,na,na,Driver,Normal,Not a Pedestrian,No distancing,Slight Injury
18-30,Male,Elementary school,Above 10yr,Lorry (41?100Q),,No defect,Office areas,Two-way (divided with broken lines road marking),Tangent road with flat terrain,Y Shape,Asphalt roads,Wet or damp,Daylight,Normal,Vehicle with vehicle collision,3,2,Turnover,na,na,na,na,Driver,Normal,Not a Pedestrian,No distancing,Slight Injury
18-30,Male,,5-10yr,Other,5-10yrs,,Office areas,Two-way (divided with broken lines road marking),Tangent road with flat terrain,Y Shape,Asphalt roads,Dry,Daylight,Normal,Vehicle with vehicle collision,3,2,Unknown,Driver or rider,Male,18-30,2,Driver,Normal,Not a Pedestrian,Unknown,Slight Injury
Over 51,Male,Elementary school,5-10yr,Pick up upto 10Q,,No defect,Other,Undivided Two way,Tangent road with flat terrain,Y Shape,Asphalt roads,Wet or damp,Darkness - lights lit,Normal,Vehicle with vehicle collision,4,3,Reversing,Driver or rider,Male,Over 51,3,Driver,Normal,Not a Pedestrian,Changing lane to the left,Slight Injury
31-50,Male,Elementary school,1-2yr,Motorcycle,2-5yrs,No defect,Office areas,Two-way (divided with broken lines road marking),Tangent road with flat terrain,Y Shape,Asphalt roads,Dry,Darkness - lights lit,Normal,Vehicle with vehicle collision,1,2,Getting off,Driver or rider,Male,18-30,3,Driver,Normal,Not a Pedestrian,No priority to pedestrian,Slight Injury
31-50,Male,Elementary school,5-10yr,Automobile,,No defect,Other,Two-way (divided with broken lines road marking),Tangent road with flat terrain,Y Shape,Asphalt roads,Dry,Daylight,Normal,Vehicle with vehicle collision,1,3,,na,na,na,na,Driver,Normal,Not a Pedestrian,No distancing,Slight Injury
18-30,Male,Writing & reading,Below 1yr,Pick up upto 10Q,,No defect,Other,Undivided Two way,Tangent road with flat terrain,No junction,Asphalt roads,Dry,Daylight,Normal,Vehicle with vehicle collision,1,2,Reversing,Pedestrian,Female,18-30,3,Self-employed,Normal,Not a Pedestrian,Changing lane to the right,Serious Injury
31-50,Male,Elementary school,Above 10yr,Lorry (41?100Q),,, Industrial areas,Undivided Two way,Tangent road with flat terrain,No junction,Asphalt roads,Dry,Daylight,Normal,Vehicle with vehicle collision,3,3,Getting off,na,na,na,na,,Normal,Not a Pedestrian,Overloading,Slight Injury
Over 51,Male,Elementary school,5-10yr,Stationwagen,1-2yr,No defect,Office areas,Two-way (divided with broken lines road marking),Tangent road with flat terrain,Crossing,Asphalt roads,Dry,Daylight,Normal,Vehicle with vehicle collision,4,2,Other,na,na,na,na,Driver,Normal,Not a Pedestrian,Driving under the influence of drugs,Slight Injury
18-30,Male,High school,2-5yr,Pick up upto 10Q,Unknown,No defect,Residential areas,Two-way (divided with broken lines road marking),Tangent road with flat terrain,Y Shape,Asphalt roads,Dry,Daylight,Normal,Vehicle with vehicle collision,1,2,Getting off,na,na,na,na,Driver,Normal,Not a Pedestrian,No distancing,Slight Injury
18-30,Male,Elementary school,Above 10yr,Motorcycle,2-5yrs,,Residential areas,Two-way (divided with broken lines road marking),Tangent road with flat terrain,No junction,Asphalt roads,Dry,Darkness - lights lit,Normal,Vehicle with vehicle collision,1,3,Turnover,Driver or rider,Male,18-30,3,Driver,Normal,Not a Pedestrian,No distancing,Slight Injury
31-50,Male,,,,Above 10yr,No defect,Residential areas,other,Tangent road with flat terrain,Y Shape,Asphalt roads,Wet or damp,Daylight,Normal,Vehicle with vehicle collision,3,5,Reversing,na,na,na,na,Driver,Normal,Not a Pedestrian,Changing lane to the right,Slight Injury
Unknown,Female,,,Lorry (41?100Q),,,Office areas,,Tangent road with flat terrain,No junction,Asphalt roads,Dry,Darkness - lights lit,Normal,Vehicle with vehicle collision,4,2,Turnover,Driver or rider,Male,18-30,3,Driver,Normal,Not a Pedestrian,Changing lane to the left,Slight Injury
31-50,Male,High school,2-5yr,Lorry (41?100Q),2-5yrs,No defect,Other,Two-way (divided with broken lines road marking),Tangent road with flat terrain,Y Shape,Asphalt roads,Wet or damp,Daylight,Normal,Vehicle with vehicle collision,3,3,Moving Backward,Passenger,Female,31-50,3,,Normal,Not a Pedestrian,Overtaking,Slight Injury
31-50,Male,Elementary school,Above 10yr,Automobile,Unknown,,Residential areas,Two-way (divided with broken lines road marking),Tangent road with flat terrain,Y Shape,Asphalt roads,Dry,Daylight,Normal,Vehicle with vehicle collision,3,3,Getting off,na,na,na,na,Driver,Normal,Not a Pedestrian,Driving under the influence of drugs,Slight Injury
Unknown,Male,Elementary school,2-5yr,Stationwagen,2-5yrs,No defect,Other,other,Tangent road with flat terrain,No junction,Asphalt roads,Dry,Daylight,Normal,Vehicle with vehicle collision,3,2,Moving Backward,Driver or rider,Male,Over 51,3,Driver,Normal,Not a Pedestrian,Driving under the influence of drugs,Slight Injury
Under 18,Male,Above high school,No Licence,Special vehicle,,No defect,Residential areas,Two-way (divided with broken lines road marking),Tangent road with flat terrain,No junction,Asphalt roads,Dry,Daylight,Normal,Vehicle with vehicle collision,3,4,Reversing,Passenger,Female,31-50,3,Employee,Normal,Not a Pedestrian,Changing lane to the right,Serious Injury
18-30,Male,,5-10yr,Long lorry,2-5yrs,No defect,Office areas,Double carriageway (median),Tangent road with flat terrain,Y Shape,Asphalt roads,Dry,Darkness - lights lit,Normal,Vehicle with vehicle collision,3,3,Turnover,Driver or rider,Male,18-30,3,Driver,Normal,Not a Pedestrian,Changing lane to the right,Slight Injury
18-30,Male,Elementary school,2-5yr,Lorry (41?100Q),2-5yrs,,Other,Two-way (divided with broken lines road marking),Tangent road with flat terrain,Y Shape,Asphalt roads,Dry,Daylight,Normal,Vehicle with vehicle collision,1,2,Other,na,na,na,na,Driver,Normal,Not a Pedestrian,Driving to the left,Serious Injury
18-30,Male,Elementary school,5-10yr,Turbo,2-5yrs,,Residential areas,other,Tangent road with flat terrain,Unknown,Asphalt roads,Dry,Daylight,Normal,Vehicle with vehicle collision,4,3,Entering a junction,Driver or rider,Male,18-30,3,Self-employed,Normal,Not a Pedestrian,Other,Slight Injury
18-30,Male,Elementary school,Above 10yr,Other,Unknown,No defect, Church areas,Undivided Two way,Tangent road with flat terrain,No junction,Asphalt roads,Dry,Daylight,Normal,Vehicle with vehicle collision,1,2,Turnover,Pedestrian,Female,31-50,3,Driver,Normal,Not a Pedestrian,Other,Serious Injury
31-50,Male,Elementary school,5-10yr,Automobile,1-2yr,No defect,Other,other,Tangent road with flat terrain,Other,Asphalt roads,Dry,Daylight,Normal,Vehicle with vehicle collision,3,2,Overtaking,na,na,na,na,Driver,Normal,Not a Pedestrian,No priority to vehicle,Slight Injury
31-50,Male,Writing & reading,5-10yr,Lorry (41?100Q),2-5yrs,,Residential areas,Undivided Two way,Tangent road with flat terrain,Other,Asphalt roads,Dry,Daylight,Normal,Vehicle with vehicle collision,3,2,Other,na,na,na,na,,Normal,Not a Pedestrian,Driving under the influence of drugs,Slight Injury
Unknown,Male,Elementary school,5-10yr,Automobile,,No defect,  Recreational areas,Two-way (divided with broken lines road marking),Tangent road with flat terrain,Crossing,Asphalt roads,Dry,Daylight,Normal,Vehicle with vehicle collision,4,5,Other,Passenger,Female,Over 51,3,Driver,Normal,Not a Pedestrian,No priority to vehicle,Slight Injury
18-30,Male,Elementary school,Above 10yr,Pick up upto 10Q,,No defect,Other,Two-way (divided with broken lines road marking),Tangent road with flat terrain,No junction,Asphalt roads,Dry,Darkness - lights lit,Normal,Vehicle with vehicle collision,1,3,Stopping,na,na,na,na,Driver,Normal,Not a Pedestrian,No priority to vehicle,Slight Injury
18-30,Male,Unknown,5-10yr,Automobile,2-5yrs,No defect,Residential areas,Two-way (divided with broken lines road marking),Tangent road with flat terrain,No junction,Asphalt roads,Dry,Darkness - lights lit,Normal,Vehicle with vehicle collision,3,2,Unknown,Driver or rider,Male,18-30,3,Self-employed,Normal,Not a Pedestrian,No distancing,Slight Injury
18-30,Male,Elementary school,5-10yr,Other,,No defect,Office areas,Undivided Two way,Tangent road with flat terrain,Crossing,Asphalt roads,Dry,Darkness - lights lit,Normal,Vehicle with vehicle collision,3,5,U-Turn,na,na,na,na,Driver,Normal,Not a Pedestrian,Moving Backward,Slight Injury
18-30,Male,,1-2yr,Automobile,Unknown,No defect,School areas,Undivided Two way,Tangent road with flat terrain,Crossing,Asphalt roads,Dry,Daylight,Normal,Vehicle with vehicle collision,3,2,Other,na,na,na,na,Self-employed,Normal,Not a Pedestrian,Getting off the vehicle improperly,Slight Injury
Over 51,Male,Elementary school,5-10yr,Lorry (41?100Q),2-5yrs,No defect,Office areas,Double carriageway (median),Tangent road with flat terrain,No junction,Asphalt roads,Dry,Daylight,Normal,Vehicle with vehicle collision,3,2,Turnover,Driver or rider,Male,18-30,3,Employee,Normal,Not a Pedestrian,Changing lane to the right,Fatal injury
18-30,Male,Elementary school,5-10yr,Other,,No defect, Industrial areas,other,Tangent road with flat terrain,No junction,Asphalt roads,Dry,Daylight,Normal,Vehicle with vehicle collision,3,2,Entering a junction,Driver or rider,Female,18-30,3,Self-employed,Normal,Not a Pedestrian,Overspeed,Fatal injury
Over 51,Male,High school,1-2yr,Lorry (41?100Q),2-5yrs,,Other,Undivided Two way,Tangent road with flat terrain,Crossing,Asphalt roads,Dry,Daylight,Normal,Vehicle with vehicle collision,4,2,Other,na,na,na,na,Driver,Normal,Not a Pedestrian,Moving Backward,Slight Injury
18-30,Male,Elementary school,Above 10yr,Other,,No defect,Residential areas,Undivided Two way,Tangent road with flat terrain,No junction,Asphalt roads,Dry,Daylight,Normal,Vehicle with vehicle collision,3,3,Getting off,na,na,na,na,Other,Normal,Not a Pedestrian,No distancing,Slight Injury
31-50,Male,Elementary school,1-2yr,Automobile,Unknown,,Other,Undivided Two way,Tangent road with flat terrain,No junction,Asphalt roads,Wet or damp,Darkness - lights lit,Normal,Vehicle with vehicle collision,4,2,Reversing,Passenger,Male,5,3,Driver,Normal,Not a Pedestrian,No distancing,Slight Injury
Unknown,Female,High school,1-2yr,Lorry (41?100Q),5-10yrs,,Other,One way,Tangent road with flat terrain,Crossing,Asphalt roads,Snow,Daylight,Normal,Vehicle with vehicle collision,4,2,Other,Driver or rider,Male,31-50,3,Self-employed,Normal,Not a Pedestrian,No distancing,Slight Injury
18-30,Male,,,Lorry (41?100Q),,No defect, Church areas,Two-way (divided with broken lines road marking),Tangent road with flat terrain,Crossing,Asphalt roads,Dry,Daylight,Normal,Vehicle with vehicle collision,3,2,Turnover,Driver or rider,Male,31-50,3,Self-employed,Normal,Not a Pedestrian,Driving at high speed,Slight Injury
Over 51,Male,Elementary school,Above 10yr,Public (12 seats),Unknown,No defect,Other,Undivided Two way,Tangent road with flat terrain,Crossing,Asphalt roads,Dry,Darkness - lights lit,Normal,Vehicle with vehicle collision,3,5,Turnover,na,na,na,na,Driver,Normal,Not a Pedestrian,No distancing,Serious Injury
18-30,Male,,5-10yr,Stationwagen,,No defect,Residential areas,Undivided Two way,Tangent road with flat terrain,,Asphalt roads,Dry,Daylight,Normal,Vehicle with vehicle collision,3,3,Turnover,na,na,na,na,Self-employed,Normal,Not a Pedestrian,No distancing,Serious Injury
31-50,Male,Elementary school,1-2yr,Pick up upto 10Q,5-10yrs,No defect,Other,Two-way (divided with broken lines road marking),Tangent road with flat terrain,,Asphalt roads,Dry,Daylight,Normal,Vehicle with vehicle collision,1,2,Other,Driver or rider,Male,31-50,3,Driver,Normal,Not a Pedestrian,Driving carelessly,Serious Injury